gene,chr,pos,in_gwas_catalog,in_tedja2018,known_locus,natgenet2026_checked
AEBP1,7,44149060,,,FALSE,FALSE
ARHGAP18,6,129964323,,,FALSE,FALSE
BDH1,3,197268424,,,FALSE,FALSE
BMP3,4,81965402,,,FALSE,FALSE
BTBD9,6,38372075,,,FALSE,FALSE
BTN3A1,6,26408954,,,FALSE,FALSE
C17orf70,17,79513949,,,FALSE,FALSE
CD34,1,208071170,,,FALSE,FALSE
CD55,1,207514582,,,FALSE,FALSE
CDHR1,10,85966893,,,FALSE,FALSE
CDKN3,14,54875251,,,FALSE,FALSE
CDRT15,17,14139584,,,FALSE,FALSE
CHRNG,2,233407775,,,FALSE,FALSE
CLYBL,13,100404153,,,FALSE,FALSE
CPNE1,20,34233415,,,FALSE,FALSE
CTNNB1,3,41268957,,,FALSE,FALSE
EPHB4,7,100412654,,,FALSE,FALSE
FER1L4,20,34170995,,,FALSE,FALSE
GATS,7,99834056,,,FALSE,FALSE
GNB3,12,6952837,,,FALSE,FALSE
GOLGA8B,15,34849056,,,FALSE,FALSE
KCNMA1,10,79017854,,,FALSE,FALSE
KCNQ5,6,73620047,,,FALSE,FALSE
LAMA2,6,129521028,,,FALSE,FALSE
LCAT,16,67975843,,,FALSE,FALSE
LGALS9,17,25966705,,,FALSE,FALSE
NOG,17,54672005,,,FALSE,FALSE
NPAT,11,108060655,,,FALSE,FALSE
NT5DC1,6,116494433,,,FALSE,FALSE
PCOLCE,7,100202799,,,FALSE,FALSE
PDGFRA,4,55129839,,,FALSE,FALSE
PRMT6,1,107600591,,,FALSE,FALSE
RASGRF1,15,79317702,,,FALSE,FALSE
RBM45,2,178989341,,,FALSE,FALSE
RDH5,12,56116320,,,FALSE,FALSE
RP11-25K19.1,8,60032752,,,FALSE,FALSE
RP11-333A23.4,8,71390645,,,FALSE,FALSE
S100A3,1,153520826,,,FALSE,FALSE
SH3YL1,2,242064,,,FALSE,FALSE
SLC14A2,18,43028016,,,FALSE,FALSE
TJP2,9,71803174,,,FALSE,FALSE
TSPAN10,17,79609988,,,FALSE,FALSE
TSSK6,19,19625113,,,FALSE,FALSE
UBE2I,16,1366283,,,FALSE,FALSE
UTS2,1,7908357,,,FALSE,FALSE
WNT3,17,44875196,,,FALSE,FALSE
ZKSCAN4,6,28219706,,,FALSE,FALSE
ZMAT4,8,40571730,,,FALSE,FALSE
