gene,ensembl,source_paper,their_claim,n_snps,F,mr_beta,mr_pval,coloc_PP_H1,coloc_PP_H3,coloc_PP_H4,cream_R_beta,cream_R_pval,finngen_or,finngen_pval,known_locus,steiger_correct,our_tier,survives_strict_criteria
CD55,ENSG00000196352,Wang 2024 (PMC11314700),causal drug target,5,1987.93,-0.002838,3.57e-05,0.1030,0.0963,0.8006,0.0418,1.51e-07,0.9752,0.5361,no_known_locus_flag,TRUE,Tier_A_coloc_supported,Y
TSSK6,ENSG00000178093,Wang 2024 (PMC11314700),causal drug target (testis-restricted),1,296.19,0.012676,3.56e-06,NA,NA,NA,NA,NA,NA,NA,known_locus_GATAD2A_cluster,TRUE,Tier_B_MR_supported_distinct,N
CD34,ENSG00000174059,Wang 2024 (PMC11314700),causal drug target (coloc-supported),1,136.08,0.003154,0.4572,NA,NA,NA,NA,NA,NA,NA,unknown,TRUE,Null,N
WNT3,ENSG00000108379,Wang 2024 (PMC11314700),causal drug target,0,NA,NA,NA,NA,NA,NA,NA,NA,NA,NA,unknown,NA,No_instrument,N
LCAT,ENSG00000213398,Wang 2024 (PMC11314700),causal drug target (strongest docking),1,755.00,-0.001123,0.5407,NA,NA,NA,NA,NA,NA,NA,unknown,TRUE,Null,N
BTN3A1,ENSG00000026950,Wang 2024 (PMC11314700),causal drug target,5,388.65,0.001804,0.0893,NA,NA,NA,NA,NA,NA,NA,unknown,TRUE,Null,N
PRMT6,ENSG00000198890,Multi-omics 2024 (PMC11562087),GWAS+mQTL+eQTL SMR hit,3,2465.31,0.002489,1.91e-04,NA,NA,NA,NA,NA,NA,NA,unknown,TRUE,Tier_B_MR_supported_distinct,N
SH3YL1,ENSG00000035115,Multi-omics 2024 (PMC11562087),SMR hit,4,2834.67,0.002330,0.0405,NA,NA,NA,NA,NA,NA,NA,unknown,TRUE,Null,N
ZKSCAN4,ENSG00000187626,Multi-omics 2024 (PMC11562087),SMR hit,3,272.27,0.004965,1.95e-03,NA,NA,NA,NA,NA,NA,NA,unknown,TRUE,Tier_B_MR_supported_distinct,N
GATS,ENSG00000197256 (resolved: CASTOR3),Multi-omics 2024 (PMC11562087),SMR hit,0,NA,NA,NA,NA,NA,NA,NA,NA,NA,NA,unknown,NA,No_instrument,N
NPAT,ENSG00000149504,Multi-omics 2024 (PMC11562087),SMR hit,1,320.03,-0.009419,4.41e-04,NA,NA,NA,NA,NA,NA,NA,unknown,TRUE,Tier_B_MR_supported_distinct,N
UBE,ENSG00000198954 (resolved: UBE2H best match; ambiguous symbol),Multi-omics 2024 (PMC11562087),SMR hit,2,81.91,-0.004483,0.2012,NA,NA,NA,NA,NA,NA,NA,unknown,TRUE,Null,N
