"id","trait","chr","position","rsid","ea","nea","eaf","beta","se","p","n","Gene"
"eqtl-a-ENSG00000142046","ENSG00000142046","19",41871573,"rs1963413","A","G",0.614476,-0.399394,0.0117571,6.13762e-253,28165,"TGFB1"
"eqtl-a-ENSG00000105341","ENSG00000105341","19",41871573,"rs1963413","A","G",0.614476,-0.197564,0.0121147,8.6856e-60,31146,"TGFB1"
"eqtl-a-ENSG00000123810","ENSG00000123810","19",41871573,"rs1963413","A","G",0.614476,-0.194724,0.012118,4.22182e-58,31146,"TGFB1"
"eqtl-a-ENSG00000248098","ENSG00000248098","19",41871573,"rs1963413","A","G",0.614476,0.185335,0.0121284,1.02047e-52,25857,"TGFB1"
"prot-a-215","UDP-GlcNAc:betaGal beta-1,3-N-acetylglucosaminyltransferase 8","19",41871573,"rs1963413","A","G",0.63322,0.3367,0.0249,1e-41,3301,"TGFB1"
"ebi-a-GCST90029008","Height","19",41871573,"rs1963413","A","G",0.624874,-0.0189715,0.00163036,7.39946e-34,673878,"TGFB1"
"prot-a-213","N-acetyllactosaminide beta-1,3-N-acetylglucosaminyltransferase 2","19",41871573,"rs1963413","A","G",0.63322,-0.287,0.0251,2.29087e-30,3301,"TGFB1"
"ukb-b-10787","Standing height","19",41871573,"rs1963413","A","G",0.624475,-0.012488,0.00135362,2.80027e-20,461950,"TGFB1"
"ebi-a-GCST90018959","Height","19",41871573,"rs1963413","A","G",0.628132,-0.0139,0.0017,4.03645e-16,360388,"TGFB1"
"ukb-a-389","Standing height","19",41871573,"rs1963413","A","G",0.628286,-0.0141494,0.00178364,2.14734e-15,336474,"TGFB1"
"ebi-a-GCST90029005","Balding type 1","19",41871573,"rs1963413","A","G",0.625093,-0.010665,0.00141835,2.39994e-14,247331,"TGFB1"
"bbj-a-159","Coronary artery disease","19",41871573,"rs1963413","A","G",0.483078,-0.0713068,0.00946815,5.0269e-14,212453,"TGFB1"
"eqtl-a-ENSG00000239736","ENSG00000239736","19",41871573,"rs1963413","A","G",0.614476,-0.0916517,0.012204,5.92243e-14,5079,"TGFB1"
"ieu-b-5140","Pulse Pressure (PP)","19",41871573,"rs1963413","A","G",0.624163,-0.196494,0.0263855,9.49948e-14,NA,"TGFB1"
"eqtl-a-ENSG00000105352","ENSG00000105352","19",41871573,"rs1963413","A","G",0.614476,0.0904603,0.0122046,1.24423e-13,13840,"TGFB1"
"ebi-a-GCST90029006","Balding type 4","19",41871573,"rs1963413","A","G",0.625093,0.00885974,0.0011895,2.60016e-13,245797,"TGFB1"
"ukb-d-2395_1","Hair/balding pattern: Pattern 1","19",41871573,"rs1963413","A","G",0.628273,-0.011811,0.00166696,1.39219e-12,165649,"TGFB1"
"eqtl-a-ENSG00000105404","ENSG00000105404","19",41871573,"rs1963413","A","G",0.614476,0.0851981,0.0122073,2.96415e-12,30932,"TGFB1"
"eqtl-a-ENSG00000142039","ENSG00000142039","19",41871573,"rs1963413","A","G",0.614476,-0.082121,0.0122088,1.74141e-11,31146,"TGFB1"
"ukb-a-35","Comparative height size at age 10","19",41871573,"rs1963413","A","G",0.628286,-0.011094,0.00171373,9.58297e-11,332021,"TGFB1"
"ebi-a-GCST005194","Coronary artery disease","19",41871573,"rs1963413","A","G",0.6047,-0.0362,0.0058,2.98497e-10,296525,"TGFB1"
"ukb-a-303","Hair/balding pattern: Pattern 4","19",41871573,"rs1963413","A","G",0.628286,0.00902054,0.00143486,3.25125e-10,154988,"TGFB1"
"ukb-b-16881","Sitting height","19",41871573,"rs1963413","A","G",0.624481,-0.0096394,0.00155159,5.19996e-10,461536,"TGFB1"
"ebi-a-GCST90018970","Pulse pressure","19",41871573,"rs1963413","A","G",0.628132,-0.0137,0.0022,5.73403e-10,360863,"TGFB1"
"eqtl-a-ENSG00000007129","ENSG00000007129","19",41871573,"rs1963413","A","G",0.614476,0.0743959,0.0122123,1.11509e-09,26071,"TGFB1"
"ebi-a-GCST90002406","Reticulocyte fraction of red cells","19",41871573,"rs1963413","A","G",0.625326,0.0128923,0.00221672,5.99998e-09,408112,"TGFB1"
"ebi-a-GCST90002386","High light scatter reticulocyte percentage of red cells","19",41871573,"rs1963413","A","G",0.625317,0.0127741,0.00220132,6.49995e-09,408112,"TGFB1"
"ebi-a-GCST90028993","High light scatter reticulocyte count","19",41871573,"rs1963413","A","G",0.624972,0.0109686,0.00204788,2.1e-08,520010,"TGFB1"
"eqtl-a-ENSG00000167600","ENSG00000167600","19",41871573,"rs1963413","A","G",0.614476,-0.0670509,0.0122153,4.04222e-08,31146,"TGFB1"
"ukb-a-195","Sitting height","19",41871573,"rs1963413","A","G",0.628286,-0.0105869,0.00194037,4.86923e-08,336172,"TGFB1"
"eqtl-a-ENSG00000137713","ENSG00000137713","11",111787962,"rs10891299","T","G",0.368255,-0.307512,0.012065,2.67917e-143,31558,"LATS2"
"eqtl-a-ENSG00000150764","ENSG00000150764","11",111787962,"rs10891299","T","G",0.368255,0.291149,0.0120938,4.65586e-128,31558,"LATS2"
"eqtl-a-ENSG00000170145","ENSG00000170145","11",111787962,"rs10891299","T","G",0.368255,-0.135742,0.0122865,2.2413e-28,31558,"LATS2"
"eqtl-a-ENSG00000137720","ENSG00000137720","11",111787962,"rs10891299","T","G",0.368255,0.134833,0.0122872,5.13098e-28,31344,"LATS2"
"ebi-a-GCST90029009","Waist-hip ratio","11",111787962,"rs10891299","T","G",0.34825,-0.0200323,0.00208751,2.49977e-22,502773,"LATS2"
"eqtl-a-ENSG00000150776","ENSG00000150776","11",111787962,"rs10891299","T","G",0.368255,0.0776448,0.0123222,2.95733e-10,31558,"LATS2"
"ebi-a-GCST90026654","Estimated glomerular filtration rate (creatinine)","11",111787962,"rs10891299","T","G",0.3811,0.00141473,0.000238778,3.125e-09,1159871,"LATS2"
"ebi-a-GCST90018954","Gamma glutamyl transpeptidase","11",111787962,"rs10891299","T","G",0.402852,-0.0111,0.0019,1.17501e-08,344104,"LATS2"
"eqtl-a-ENSG00000150768","ENSG00000150768","11",111787962,"rs10891299","T","G",0.368255,-0.0682758,0.0123262,3.03858e-08,31344,"LATS2"
"ukb-d-30720_irnt","Cystatin C","11",111787962,"rs10891299","T","G",0.34861,-0.012469,0.0022853,4.8671e-08,344264,"LATS2"
